loss,accuracy,precision,recall,f1_score,auc
0.0410909466445446,0.9826666712760925,0.9697986841201782,0.9444444179534912,0.9569536416390798,0.9986027479171753
